stop_id;stop_name;stop_lat;stop_lon;wheelchair_accessible
1;Baselga Del Bondone;46.078354;11.047183;2.0
2;Baselga Del Bondone;46.078528;11.047586;1.0
3;Belvedere;46.044409;11.105369;0.0
4;Lamar Ponte Avisio;46.134568;11.111001;1.0
5;Sp 85 Bivio Sopramonte;46.085069;11.069564;2.0
7;Maso Bolleri;46.102457;11.124144;2.0
8;Maso Bolleri;46.102269;11.123991;2.0
9;Borino;46.067127;11.165537;1.0
10;Cadine Strada Gardesana;46.088578;11.065061;1.0
11;Cadine Strada Gardesana;46.088767;11.064526;1.0
12;Canova Paludi;46.099273;11.109269;1.0
13;"Gardolo ""Materna Paludi""";46.103917;11.108166;2.0
15;Asiago S.Bartolameo;46.047706;11.137591;1.0
17;"Cognola ""Toresela""";46.07889;11.153522;2.0
18;"Cognola ""Toresela""";46.078916;11.154062;2.0
19;Cognola Bivio Civezzano;46.080507;11.158307;2.0
20;Cognola Bivio Civezzano;46.080506;11.158409;2.0
21;"Cognola ""Centro Civico""";46.07644;11.141608;1.0
22;Cognola Grezoni;46.075937;11.146884;2.0
23;Cognola Grezoni;46.075967;11.14658;2.0
24;San Vito;46.075378;11.139504;1.0
25;Cognola S.Vito;46.075681;11.14077;2.0
26;Cognola S.Vito;46.075653;11.141776;2.0
27;San Vito;46.075399;11.13889;1.0
28;"Cognola ""Scuole""";46.075713;11.144004;2.0
29;"Cognola ""Scuole""";46.075819;11.144105;2.0
30;"Cognola Alla Veduta ""Roza""";46.077643;11.151166;1.0
31;"Cognola Alla Veduta ""Roza""";46.078022;11.151578;2.0
32;"Brescia ""Villa Salvotti""";46.076115;11.101057;2.0
37;Degli Alpini Oberziner;46.079109;11.118075;2.0
38;Cortesano;46.124661;11.133726;0.0
39;Vigo Meano Alle Gorghe;46.129695;11.134602;1.0
40;Vigo Meano Alle Gorghe;46.129572;11.134665;2.0
43;Forte Bus De Vela;46.085345;11.069798;0.0
46;"Gabbiolo ""Campo Sportivo""";46.055301;11.14899;1.0
47;"Gabbiolo ""Campo Sportivo""";46.055279;11.148843;1.0
48;Sp 76 Carpenedi;46.117667;11.110047;2.0
49;Sp 76 Carpenedi;46.117278;11.108621;2.0
50;Gardolo S.Anna;46.111157;11.109534;1.0
51;Gardolo S.Anna;46.111087;11.109494;1.0
52;Gardolo P.Le Neufahrn Sud;46.106607;11.111622;1.0
53;Gardolo P.Le Neufahrn Nord;46.106673;11.11158;1.0
54;Gardolo Piazza;46.108364;11.111681;1.0
55;Gardolo Piazza;46.108465;11.111514;2.0
56;Canova Aichner;46.101923;11.103255;2.0
57;Canova Via Della Canova;46.100323;11.106659;1.0
58;Gardolo Don Milani 8 Marzo;46.103947;11.117561;2.0
59;"Gardolo D.Milani ""Piscina""";46.10671;11.114353;2.0
60;"Gardolo D.Milani ""Piscina""";46.106764;11.114361;2.0
61;Gardolo Don Milani 8 Marzo;46.104154;11.117338;2.0
62;Gardolo S.Anna Carpenedi;46.113334;11.107735;1.0
63;Gardolo S.Anna Carpenedi;46.113375;11.107612;1.0
64;Gardolo Svincolo Ss.12;46.106196;11.109014;1.0
65;Gazzadina Strada Vecchia;46.13011;11.126402;2.0
66;Gazzadina Al Pontat;46.128896;11.128728;2.0
67;Gazzadina Al Pontat;46.128751;11.129085;2.0
68;Gazzadina Strada Vecchia;46.130171;11.126098;2.0
69;Grotta Piazza;46.045775;11.151173;2.0
70;Grotta Bindesi;46.043306;11.151756;2.0
71;Grotta Bindesi;46.043679;11.151494;2.0
72;"Ss 12 ""Zona Ind.Le Ftm""";46.119198;11.106145;2.0
73;"Lamar ""Ftm""";46.125847;11.107861;2.0
74;"Lamar ""Ftm""";46.125967;11.107596;2.0
75;"Lamar ""Sottostazione Enel""";46.129144;11.109752;2.0
76;Largo Sauro;46.074753;11.125004;0.0
77;Lavis Nazionale;46.13858;11.109069;2.0
78;Lavis Piazza Caduti;46.138061;11.115898;2.0
79;"Lavis ""Municipio""";46.139289;11.112161;2.0
80;Lavis Rosmini Segantini;46.142225;11.108496;1.0
85;Centochiavi Dalla Fior;46.094565;11.120643;2.0
86;Centochiavi Chiocchetti;46.093919;11.120723;2.0
87;"Melta ""Case Itea""";46.102356;11.118127;1.0
88;Parco di Melta;46.097301;11.119758;0.0
89;Melta Centro;46.099084;11.119185;2.0
90;Melta Centro;46.100097;11.118761;1.0
91;Parco di Melta;46.097222;11.119861;0.0
92;"Bettini ""Madonna Bianca""";46.04238;11.132874;2.0
93;"Stella ""S.Gaetano""";46.036419;11.13043;2.0
94;"Ss 12 ""Casteller""";46.025382;11.132726;2.0
95;"Ss 12 ""Casteller""";46.025655;11.132788;2.0
96;"Madonna Bianca ""S.Gaetano""";46.037978;11.13066;1.0
97;Stella Marighetto;46.03424;11.131449;1.0
98;"Madonna Bianca ""Man""";46.040233;11.13044;2.0
99;"Ss 12 ""Le Caverne""";46.031037;11.132709;2.0
100;"Ss 12 ""Le Caverne""";46.030059;11.132908;1.0
101;Martignano Formigheta;46.089145;11.133132;1.0
102;Martignano Formigheta;46.088977;11.133177;1.0
103;"Martignano ""Chiesa""";46.088719;11.130593;2.0
104;"Sp 131 ""Maso Pradiscola""";46.083248;11.135662;2.0
105;"Sp 131 ""Maso Pradiscola""";46.083257;11.135788;1.0
106;Martignano P.Zza Menghin;46.090133;11.131586;2.0
107;Martignano P.Zza Menghin;46.090206;11.131471;2.0
108;Martignano Piazza Canopi;46.089258;11.130976;1.0
109;"Sp 131 ""Res. Silvana""";46.09764;11.126986;2.0
110;"Sp 131 ""Res. Silvana""";46.097687;11.12683;2.0
111;Martignano Ai Bolleri;46.094528;11.130103;2.0
112;Martignano Ai Bolleri;46.094843;11.129425;2.0
113;"Sopramonte ""Maso Banal""";46.069001;11.063551;2.0
115;Sp 131 Al Maso Specchio;46.10449;11.123519;2.0
116;Sp 131 Al Maso Specchio;46.104411;11.123396;2.0
117;"Ravina ""Maso Stella""";46.032327;11.112713;2.0
118;"Ravina ""Maso Stella""";46.032559;11.112917;2.0
119;Mattarello Piazza Perini;46.00691;11.128386;2.0
120;Mattarello Via Nazionale;46.012398;11.1306;1.0
121;Mattarello Via Nazionale;46.011656;11.130383;2.0
122;Mattarello Pomeranos;46.013587;11.131547;1.0
123;"Mattarello ""Ronchi""";46.017229;11.132453;2.0
124;"Mattarello ""Ronchi""";46.017316;11.132591;2.0
125;Mattarello S.Leonardo;46.006539;11.127593;2.0
127;Mattarello Catoni;46.009422;11.128968;1.0
128;Mattarello Rio Stolzano;46.002959;11.126782;2.0
129;Meano Bivio S.Lazzaro;46.128153;11.1152;2.0
130;Meano Bivio S.Lazzaro;46.127618;11.115305;2.0
131;"Sp 76 ""Piac""";46.126807;11.114628;1.0
133;"Sp 76 ""Maregioli""";46.130566;11.121651;2.0
134;"Sp 76 ""Maregioli""";46.130305;11.121329;1.0
135;"Meano ""Campo Sportivo""";46.128287;11.120321;1.0
136;"Meano ""Campo Sportivo""";46.128357;11.119865;1.0
137;"Meano ""Cimitero""";46.125734;11.118399;1.0
138;"Meano ""Cimitero""";46.125503;11.118357;1.0
139;"Sp 76 ""Via Rossa""";46.119793;11.111463;2.0
140;"Sp 76 ""Via Rossa""";46.11965;11.111323;2.0
141;Meano Piazza Dell'assunta;46.122693;11.116859;2.0
142;Meano Portoni;46.123508;11.116937;2.0
143;Sp 76 Dos di Lamar;46.124991;11.113511;2.0
144;Sp 76 Dos di Lamar;46.124688;11.112827;1.0
145;"Mesiano ""Fac. Ingegneria""";46.067111;11.139552;1.0
146;"Mesiano ""Fac. Ingegneria""";46.067201;11.139594;1.0
147;"Mesiano ""Stazione Fs""";46.064922;11.141795;1.0
148;"Mesiano ""Stazione Fs""";46.065054;11.141743;1.0
149;Povo Valoni;46.065426;11.146084;1.0
150;Povo Valoni;46.065751;11.146343;1.0
151;Montevaccino;46.108248;11.14267;0.0
152;Montevaccino di Sotto;46.109413;11.140128;2.0
153;Montevaccino di Sotto;46.109498;11.140077;2.0
154;"Sp 131 ""Paganin""";46.106369;11.137467;2.0
155;"Sp 131 ""Paganin""";46.106393;11.137553;2.0
156;"M.Vaccino ""Maso Librar""";46.11041;11.138496;2.0
157;"M.Vaccino ""Maso Librar""";46.110514;11.138462;2.0
158;"Ss 45 ""Montevideo""";46.080315;11.098555;2.0
159;Villazzano Valnigra;46.052083;11.146588;1.0
160;Villazzano Valnigra;46.052091;11.146369;1.0
161;Oltrecastello;46.072734;11.161992;0.0
162;F.Lli Fontana Gen. Cantore;46.076884;11.118989;1.0
163;"Piazza Dante ""Palazzo Pat""";46.072301;11.120437;1.0
165;Piazza di Fiera;46.065117;11.123289;0.0
166;S.Francesco Porta Nuova;46.06689;11.126409;1.0
167;Piazza Vicenza;46.062096;11.132883;0.0
168;Piazza Vicenza;46.062261;11.132819;0.0
171;"Brescia ""Piedicastello""";46.070815;11.113433;1.0
172;"Brescia ""Piedicastello""";46.070531;11.111447;1.0
173;Tangenziale Ovest Pezcoller;46.047882;11.11346;2.0
174;Ponte Lodovico;46.069376;11.138945;0.0
175;Ponte Lodovico;46.069514;11.140184;0.0
176;"Venezia ""Port'aquila""";46.069863;11.12824;2.0
177;"Cervara ""Port'aquila""";46.070192;11.128072;2.0
178;"Cervara ""Port'aquila""";46.070054;11.12791;1.0
179;Spré Pinara;46.06749;11.161268;1.0
180;Spré Pinara;46.067189;11.160763;1.0
181;"Povo ""Casa di Riposo""";46.065739;11.159706;1.0
182;"Povo ""Casa di Riposo""";46.065543;11.159557;1.0
183;"Povo ""Centro Civico""";46.06411;11.151992;1.0
184;"Povo ""Centro Civico""";46.06387;11.151952;2.0
185;Povo S.Agata;46.066341;11.156734;1.0
186;Povo Piazza Manci;46.065879;11.154677;1.0
187;Povo Piazza Manci;46.065939;11.154528;2.0
188;"Povo ""Fac. Scienze""";46.063156;11.150091;1.0
189;"Povo ""Fac. Scienze""";46.063282;11.150174;1.0
190;"Povo ""Polo Sociale""";46.06546;11.158013;2.0
191;"Povo ""Polo Sociale""";46.065689;11.157889;1.0
192;Ravina Masere;46.039047;11.111615;2.0
193;Ravina Masere;46.039286;11.112482;1.0
194;"Ravina ""Case Itea""";46.037329;11.114055;1.0
195;"Ravina ""Case Itea""";46.037956;11.114081;2.0
196;Ravina Chiesa;46.03773;11.107763;2.0
197;Ravina Piazza;46.038007;11.108836;1.0
198;Ravina Per Belvedere;46.04147;11.106068;2.0
199;Ravina Per Belvedere;46.040947;11.106338;1.0
200;Ravina Del Ponte;46.04289;11.111775;2.0
201;Ravina Del Ponte;46.041193;11.113139;2.0
202;"Piazza Dante ""Pal. Regione""";46.071751;11.1214;1.0
203;Romagnano Nord;46.020118;11.110866;2.0
204;Romagnano Nord;46.020034;11.110896;2.0
205;Romagnano Fontanelle;46.015241;11.107137;2.0
206;Romagnano Fontanelle;46.014549;11.106708;2.0
207;Romagnano 7 Fontane;46.014708;11.105053;2.0
208;Romagnano Piazza Condini;46.017727;11.10587;1.0
209;Romagnano Sud;46.013013;11.105542;2.0
210;Romagnano Sud;46.01213;11.104968;2.0
211;Romagnano Rimoni;46.016805;11.108328;1.0
212;Romagnano Rimoni;46.016465;11.108234;1.0
213;Roncafort;46.101226;11.101583;0.0
214;"Ss 12 ""Zona Ind.Le Ftm""";46.120375;11.105848;2.0
215;Povo Salé;46.062025;11.151318;1.0
216;Povo Salé;46.062005;11.150887;2.0
217;"Verona ""S.Bartolameo""";46.050654;11.130531;1.0
218;"Verona ""S.Bartolameo""";46.051053;11.130406;1.0
219;San Donà;46.07157;11.138357;1.0
220;"San Donà ""Chiesa""";46.072151;11.138386;2.0
222;San Donà;46.070882;11.139489;2.0
223;Lamar Sponda Trentina;46.134482;11.111548;1.0
224;San Lazzaro Ponte Avisio;46.137891;11.118434;1.0
226;San Rocco Torricelle;46.038494;11.145576;2.0
227;San Rocco Piazza;46.03626;11.146204;1.0
228;Piazza Madonna Delle Laste;46.074105;11.135279;0.0
229;Sopramonte Piazza Oveno;46.071342;11.059187;2.0
230;Sopramonte Bivio Baselga;46.07555;11.058451;2.0
231;Sopramonte Bivio Baselga;46.075587;11.058645;2.0
232;"Sopramonte ""Valle""";46.075888;11.055913;2.0
233;"Sopramonte ""Valle""";46.075948;11.05575;2.0
234;"Sopramonte ""Novai""";46.067712;11.061514;1.0
235;Sopramonte Piazza Oveno;46.071176;11.059527;2.0
236;"Sopramonte ""Bunaga""";46.069285;11.05707;1.0
237;"Sopramonte ""Bunaga""";46.069969;11.057969;1.0
238;Spini di Gardolo;46.121625;11.090102;0.0
239;Spini Linz;46.118514;11.096121;2.0
240;Spini Linz;46.118533;11.096514;2.0
241;Spini Monaco;46.11874;11.092667;2.0
242;Spini Monaco;46.118457;11.092762;2.0
243;Spré S.Lucia;46.06941;11.161625;2.0
244;Spré S.Lucia;46.069213;11.161184;2.0
245;"Sp 85 ""Soraval""";46.083412;11.064273;1.0
246;"Sp 85 ""Soraval""";46.083174;11.064109;2.0
247;"Piazza Dante ""Stazione Fs""";46.071756;11.119511;1.0
248;Tavernaro Centro;46.081409;11.154945;2.0
249;Tavernaro Centro;46.081506;11.155013;1.0
250;"Tavernaro ""Salet""";46.081825;11.157904;1.0
251;"Tavernaro ""Salet""";46.081977;11.158399;1.0
252;"Tavernaro ""Villa Clementi""";46.080892;11.157486;2.0
253;"Tavernaro ""Villa Clementi""";46.081286;11.156045;2.0
255;Vela Alla Scala;46.078838;11.103643;1.0
256;Vela Alla Scala;46.079042;11.10342;1.0
257;Gardolo 4 Nov. Canova;46.098824;11.112888;1.0
258;"Gardolo 4 Nov. ""Piscina""";46.104302;11.112908;1.0
259;Gardolo 4 Nov. Soprasasso;46.106596;11.112223;2.0
260;Adamello Gorizia;46.059886;11.132267;2.0
261;"Gardolo ""Stazione Ftm""";46.107233;11.103845;2.0
262;"M. Rossi ""Stella D.Mattino""";46.107391;11.101207;1.0
263;"M. Rossi ""Stella D.Mattino""";46.107354;11.100457;1.0
264;Al Desert Muredei;46.051317;11.117311;2.0
265;Al Desert Muredei;46.050958;11.117076;1.0
266;Al Desert Ragazzi Del '99;46.0469;11.115712;1.0
267;Al Desert Ragazzi Del '99;46.047131;11.115704;1.0
269;"Apuleio ""Case Degasperi""";46.073543;11.115546;1.0
270;"Apuleio ""Ponte S.Giorgio""";46.076349;11.114967;2.0
271;"Asiago ""Cernidor""";46.050295;11.13724;2.0
272;"Asiago ""Bellevue""";46.053211;11.136383;2.0
273;"Asiago ""Bellevue""";46.053087;11.136438;2.0
274;"Asiago ""Cernidor""";46.049614;11.137304;2.0
275;Castello Buonconsiglio;46.070388;11.126826;0.0
276;"Sanzio ""Castello""";46.071903;11.126008;1.0
277;"Barbacovi ""Itg Pozzo""";46.064413;11.12985;1.0
278;Ss 47 Muralta;46.077053;11.131799;2.0
279;Martignano Capitel;46.082249;11.127221;2.0
280;Martignano Capitel;46.08168;11.126846;1.0
281;"Bettini ""Nido Mad. Bianca""";46.040445;11.135356;1.0
282;"Bettini ""Nido Mad. Bianca""";46.040111;11.135449;1.0
283;Bezzi Filzi;46.058483;11.119231;1.0
284;"Bolghera ""S.Antonio""";46.058168;11.1312;1.0
285;"Lamar ""Sottostazione Enel""";46.131117;11.110231;2.0
286;"Ss 12 ""Pioppeto""";46.108373;11.108551;1.0
287;Ss 12 Bivio Meano;46.116068;11.106212;2.0
288;Ss 12 Canova;46.098968;11.111801;1.0
289;"Ss 12 ""Paludi""";46.102642;11.110517;2.0
290;Ss 12 Canova;46.100402;11.111543;1.0
291;"Brennero ""Bren Center""";46.091515;11.115307;1.0
292;"Brennero ""Bren Center""";46.091499;11.115601;1.0
293;Brennero Marconi;46.083031;11.120416;1.0
294;Brennero Malvasia;46.077968;11.123274;1.0
295;Brennero Marconi;46.083704;11.119817;1.0
296;"Brennero ""Magnete""";46.089309;11.116571;1.0
297;"Brennero ""Ex Scalo Filzi""";46.080071;11.122109;1.0
298;"Brennero ""Ex Scalo Filzi""";46.079302;11.12238;1.0
300;"Brennero ""Tridente""";46.08648;11.11843;1.0
301;"Brigata Acqui ""Itc Tambosi""";46.065447;11.128453;1.0
303;Roncafort Bettine;46.097554;11.102563;2.0
304;Caneppele Goio;46.094442;11.105189;2.0
305;Caneppele Goio;46.094446;11.10508;2.0
306;Cervara Cereria;46.074217;11.128394;2.0
307;Cervara Cereria;46.074148;11.128427;2.0
308;Martignano Cesarini;46.086329;11.129247;2.0
309;Martignano Cesarini;46.087089;11.129618;2.0
310;Conci De Riccabona;46.039514;11.140832;2.0
311;Conci De Riccabona;46.039362;11.140403;1.0
312;Conci Ferrovia;46.039317;11.137726;2.0
313;Conci Ferrovia;46.039824;11.137235;2.0
314;Degasperi Anna Frank;46.050201;11.124067;1.0
315;Degasperi Anna Frank;46.051157;11.122932;1.0
316;"Degasperi ""Palazzo Stella""";46.0431;11.129397;1.0
317;"Degasperi ""Palazzo Stella""";46.0429;11.129774;1.0
318;"Degasperi ""Big Center""";46.044844;11.128022;1.0
319;"Degasperi ""Big Center""";46.045018;11.128138;2.0
320;Degasperi La Clarina;46.048007;11.126793;1.0
321;Degasperi La Clarina;46.04867;11.126205;1.0
322;"Dei Mille ""Villa Igea""";46.062502;11.127822;1.0
323;"Dei Mille ""Villa Igea""";46.062524;11.127957;1.0
324;"Villazzano ""Villa De Mersi""";46.048201;11.143371;1.0
325;Martignano Costiole;46.092338;11.132591;1.0
326;Martignano Costiole;46.092456;11.1325;2.0
327;Martignano Castori;46.083464;11.127864;2.0
328;Martignano Castori;46.083438;11.127722;1.0
329;Dos Trento Mariano;46.074583;11.11342;1.0
330;Dos Trento Apuleio;46.073035;11.114821;1.0
331;Ponte S.Giorgio;46.077012;11.114109;0.0
333;F.Lli Fontana Gen. Cantore;46.077014;11.118701;1.0
334;F.Lli Fontana Oberziner;46.077447;11.11678;1.0
335;Fermi La Clarina;46.048694;11.129102;1.0
338;"Fogazzaro ""Piscina""";46.056256;11.130446;1.0
339;"Fogazzaro ""Piscina""";46.055999;11.129676;1.0
340;Ss 349 Pozzata;46.03951;11.144092;2.0
342;"Gandhi ""Parco Anna Frank""";46.051768;11.124369;1.0
344;"Gerola ""Ospedale S.Chiara""";46.058333;11.133082;1.0
345;Ghiaie Monte Baldo;46.056236;11.11612;2.0
346;"Ghiaie ""Giardinerie""";46.05317;11.116794;1.0
347;"Giovanelli ""Osp. S.Camillo""";46.0655;11.131873;1.0
348;Giusti Pascoli;46.060282;11.118954;1.0
349;"Giusti ""Arcivescovile""";46.061521;11.119038;1.0
350;"Gocciadoro ""Arcate""";46.054869;11.133747;1.0
351;"Gocciadoro ""Poliambulatori""";46.055632;11.132219;1.0
352;Gorizia Adamello;46.059878;11.131346;1.0
353;"Gramsci ""Materna La Clarina""";46.053331;11.125535;1.0
354;Gramsci Einaudi;46.052639;11.128171;2.0
355;Grazioli Brigata Acqui;46.067114;11.128745;1.0
356;Guardini Gilli;46.091908;11.119067;1.0
357;Guardini Gilli;46.091364;11.119265;2.0
358;"Lunelli ""Aci""";46.092684;11.119846;1.0
360;"Maccani ""Rotatoria""";46.082769;11.114889;1.0
361;Maccani Commercio;46.091766;11.10749;1.0
362;Maccani Commercio;46.091669;11.107424;1.0
363;Maccani Campotrentino;46.085714;11.112535;1.0
364;Maccani Campotrentino;46.085455;11.112658;2.0
365;Maccani Abondi;46.080884;11.116571;1.0
366;Maccani Abondi;46.080857;11.116496;1.0
368;"Maccani ""Polizia Locale""";46.089845;11.109059;1.0
369;"Maccani ""Polizia Locale""";46.090707;11.10823;1.0
370;"Maccani ""Rotatoria""";46.082986;11.114802;1.0
371;"Maccani ""Ex Sloi""";46.087967;11.110639;1.0
372;"Maccani ""Ex Sloi""";46.087889;11.110606;1.0
374;Marconi Solteri;46.084415;11.121228;2.0
375;Marconi Solteri;46.084529;11.121727;1.0
376;Villazzano Marzola;46.046735;11.148768;2.0
377;Villazzano Marzola;46.046644;11.14899;2.0
378;Villazzano Giordano;46.050762;11.148486;2.0
379;Villazzano Giordano;46.050756;11.148399;2.0
380;Mattioli Vittorio Veneto;46.058788;11.122615;1.0
382;Menguzzato Al Casteller;46.038132;11.134411;2.0
383;"Menguzzato ""Centro Civico""";46.040399;11.131724;1.0
384;"Menguzzato ""Centro Civico""";46.04019;11.132068;1.0
385;Menguzzato Al Casteller;46.03806;11.134171;1.0
386;Milano A Prato;46.060778;11.127597;1.0
387;Milano A Prato;46.060738;11.127737;1.0
388;Missioni Africane;46.076647;11.128205;0.0
389;Quattro Strade;46.075498;11.128156;0.0
390;Quattro Strade;46.07627;11.128154;0.0
391;Missioni Africane;46.078522;11.12722;0.0
392;Monte Baldo Ghiaie;46.057187;11.115167;2.0
393;Muredei Prati;46.056933;11.118149;2.0
395;Muredei Benevoli;46.053262;11.118539;2.0
397;Oberziner Alpini;46.078725;11.11762;1.0
400;Pasubio Adamello;46.060039;11.133347;1.0
401;F.Lli Perini 3 Novembre;46.060865;11.124266;1.0
402;"Piave ""Parco S.Chiara""";46.064131;11.12761;2.0
403;Romagnosi Vannetti;46.072966;11.122675;1.0
404;"Rosmini ""Cimitero"" / Muse";46.064014;11.119486;1.0
405;"Rosmini ""Cimitero"" / Muse";46.063777;11.119653;1.0
406;Rosmini S.Maria Maggiore;46.067878;11.118839;1.0
407;Rosmini S.Maria Maggiore;46.068034;11.118702;1.0
408;"3 Nov. ""Centro S.Chiara""";46.062192;11.123797;1.0
409;"3 Nov. ""Centro S.Chiara""";46.062244;11.123946;1.0
410;S.Francesco Porta Nuova;46.066987;11.12623;1.0
412;S.Pio X Matteotti;46.056448;11.119846;1.0
413;S.Pio X Largo Prati;46.056778;11.119278;1.0
414;S.Pio X Benevoli;46.053943;11.120571;1.0
415;S.Pio X Benevoli;46.053836;11.120696;1.0
416;Sanseverino S.Nicolò;46.05237;11.112007;1.0
417;Sanseverino S.Nicolò;46.050945;11.111681;1.0
420;Segantini Centa;46.075533;11.122391;1.0
421;Segantini Dogana;46.074195;11.121494;1.0
422;"Solteri ""Piazzina""";46.085501;11.12256;1.0
423;"Solteri ""Piazzina""";46.085496;11.122474;2.0
424;Solteri Largaiolli;46.089979;11.120936;1.0
425;Solteri Largaiolli;46.090042;11.12082;1.0
426;"Solteri ""Nido La Trottola""";46.087949;11.121282;1.0
427;"Solteri ""Nido La Trottola""";46.087572;11.121396;1.0
428;Gardolo Soprasasso;46.105625;11.107433;2.0
429;Gardolo Soprasasso;46.105498;11.10728;1.0
430;"Gardolo ""Cimitero""";46.106424;11.105638;1.0
431;Parco Del Dos Trent;46.073335;11.107385;0.0
432;Parco Del Dos Trent;46.073141;11.107375;0.0
433;Brescia Divisioni Alpine;46.071043;11.109667;2.0
434;Brescia Divisioni Alpine;46.07096;11.109664;2.0
435;Vela S.Giorgio;46.07629;11.104958;2.0
436;Vela S.Giorgio;46.076104;11.105151;1.0
437;"Dos Trento ""Centro Sportivo""";46.075623;11.107078;2.0
438;"Dos Trento ""Centro Sportivo""";46.075279;11.107483;2.0
439;"Sp 90 ""Maso Prudenza""";46.028929;11.111593;2.0
440;"Sp 90 ""Maso Prudenza""";46.029257;11.111746;2.0
441;Maso Rossi Aichner;46.105192;11.100545;1.0
443;Torre Verde Galasso;46.070654;11.122776;2.0
444;Travai Al Nuoto / Muse;46.06455;11.120922;1.0
446;"Vittorio Veneto ""S.Giuseppe""";46.057759;11.119314;1.0
447;Vittorio Veneto Lorenzoni;46.058637;11.123793;1.0
448;Largo Prati;46.057498;11.117145;0.0
449;Largo Prati;46.057502;11.117642;0.0
450;Venezia Cave;46.06664;11.13153;2.0
451;Venezia Cave;46.066443;11.132573;2.0
452;"Venezia ""Corallo""";46.068584;11.136364;1.0
453;"Venezia ""Corallo""";46.069215;11.136423;1.0
454;Vicenza Montello;46.061688;11.135919;1.0
455;Vicenza Montello;46.061756;11.135814;1.0
456;"Zambra ""Ist. D'arte Vittoria""";46.092327;11.116446;1.0
457;Verona Fogazzaro;46.056393;11.128495;1.0
458;Verona Fogazzaro;46.05648;11.128573;1.0
459;"Verona ""Palazzo Stella""";46.043087;11.131261;1.0
460;Verona Menguzzato;46.042627;11.131436;2.0
461;"Verona ""Questura""";46.047729;11.131077;1.0
462;Verona Einaudi;46.052957;11.129723;1.0
463;Verona Einaudi;46.052827;11.129887;1.0
464;"Verona ""Questura""";46.047963;11.131182;2.0
466;"3 Nov. ""Ponte Cavalleggeri""";46.05926;11.126666;1.0
467;Vigo Meano Rio Papa;46.133407;11.132546;2.0
468;Vigo Meano Rio Papa;46.133614;11.13241;2.0
469;Vigo Meano Piazza Stainer;46.131433;11.134609;1.0
470;Vigo Meano Piazza Stainer;46.131968;11.134013;1.0
471;Gazzadina Al Molar;46.130653;11.130774;2.0
472;Gazzadina Al Molar;46.130483;11.130637;2.0
473;Villazzano Villa Belfonte;46.043566;11.149677;1.0
474;Villazzano Villa Belfonte;46.043555;11.149783;1.0
475;"Villazzano ""Villa Tambosi""";46.043932;11.140651;1.0
476;"Villazzano ""Villa Tambosi""";46.043827;11.140139;1.0
477;Villamontagna P.Predaroi;46.086121;11.160453;1.0
478;"Villamontagna ""Michei""";46.084235;11.16288;2.0
479;"Villamontagna ""Michei""";46.08452;11.163106;2.0
481;"Villazzano ""Chiesa""";46.049358;11.143947;2.0
484;Villazzano Piazza Nicolini;46.048996;11.14602;1.0
485;Villazzano Piazza Nicolini;46.049107;11.146087;1.0
486;Villazzano Banala;46.047437;11.142286;1.0
488;"Conci ""Villazzano 3""";46.041035;11.14068;1.0
490;Zell Marnighe;46.080233;11.138364;1.0
491;Zell Marnighe;46.080041;11.138755;1.0
492;"Spini ""Officine""";46.11841;11.100034;2.0
493;"Spini ""Officine""";46.118234;11.100622;2.0
494;"Spini ""Zona Ind.Le Ftm""";46.118168;11.103939;2.0
495;"Spini ""Zona Ind.Le Ftm""";46.118038;11.10365;2.0
496;Spini Klagenfurt;46.117775;11.094238;1.0
497;Spini Klagenfurt;46.117756;11.094421;1.0
524;"3 Nov. ""Ponte Cavalleggeri""";46.059396;11.126384;1.0
527;"Meano ""Centro Civico""";46.126579;11.11676;1.0
1278;Corso Bettini Liceo;45.896301;11.043306;1.0
1279;Corso Bettini Liceo;45.895162;11.043361;1.0
1280;"Corso Bettini ""Mart""";45.892943;11.043667;1.0
1281;"Corso Bettini ""Mart""";45.893097;11.043771;2.0
1282;Corso Rosmini Via Savioli;45.890979;11.038463;1.0
1283;Corso Rosmini Monumento;45.890893;11.042737;1.0
1284;Corso Rosmini Posta;45.890968;11.040933;1.0
1285;Corso Rosmini Via Savioli;45.890912;11.038264;1.0
1286;Corso Verona Ospedale;45.882264;11.040343;1.0
1287;Lizzanella Corso Verona;45.875615;11.034204;2.0
1289;Corso Verona Ospedale;45.881038;11.039613;2.0
1290;Via Vicenza Via Cartiera;45.887177;11.05054;2.0
1291;Via Vicenza Via Cartiera;45.887171;11.050971;2.0
1292;Chiusole;45.925517;11.05304;2.0
1293;Chiusole;45.925428;11.05349;2.0
1295;Costa Capolinea;45.884164;11.072955;2.0
1296;Sp.2 Loc. Beccache';45.882022;11.071445;2.0
1297;Marco Via Pinera;45.847951;11.011766;2.0
1298;Marco Centro;45.843919;11.008619;2.0
1299;Marco Chiesa;45.841814;11.007836;1.0
1300;Marco Via Alla Ghiffa;45.840134;11.009486;2.0
1301;Marco;45.83687;11.011181;0.0
1302;Marco Via Alla Ghiffa;45.8402;11.00955;2.0
1303;Marco Chiesa;45.841461;11.008369;2.0
1304;Marco Centro;45.843821;11.008624;1.0
1305;Marco Via Pinera;45.847456;11.011517;2.0
1307;Nogaredo Via Zuccate;45.912242;11.025615;2.0
1308;Nogaredo Via Zuccate;45.912297;11.025602;2.0
1309;"Nomi ""Casa di Riposo""";45.928012;11.076136;2.0
1310;Nomi Piazza Springa;45.928796;11.072447;2.0
1311;Piazzale Orsi Stazione Fs;45.890257;11.034246;1.0
1312;Stazione Fs;45.890549;11.033982;0.0
1313;Piazzale S.Giorgio Est;45.895494;11.029596;0.0
1314;Piazzale S.Giorgio Ovest;45.895553;11.028781;0.0
1315;Piazzale S.Maria Ospedale;45.883528;11.040645;1.0
1316;Piazzale S.Maria Ospedale;45.883611;11.04094;1.0
1318;Piazza Manifattura;45.883841;11.021149;0.0
1319;Piazza Manifattura;45.883941;11.0211;0.0
1322;Piazza Podestà;45.886579;11.045563;0.0
1324;Piazzo;45.92196;11.033338;1.0
1325;Piazzo;45.922086;11.033671;2.0
1326;Pomarolo Chiesa;45.926381;11.045389;2.0
1327;Pomarolo Chiesa;45.926411;11.045788;2.0
1328;Pomarolo Via Degasperi;45.926336;11.042267;2.0
1329;Pomarolo Via Degasperi;45.926273;11.04252;2.0
1331;S.Ilario Sav;45.908267;11.040545;2.0
1332;S.Ilario Via Monti;45.910928;11.041107;2.0
1333;S.Ilario Sav;45.9079;11.040546;2.0
1334;Sp.2 Loc. Beccache';45.882294;11.072418;2.0
1335;"Viale Dei Colli ""Distributore""";45.88741;11.059524;2.0
1337;"Viale Dei Colli ""Distributore""";45.887476;11.059522;2.0
1338;Sp.2 Fr. Campolongo;45.886965;11.063864;1.0
1339;Sp.2 Noriglio;45.884288;11.070321;2.0
1340;Sp.2 Noriglio;45.884322;11.07008;2.0
1341;Sp.2 Fr. Campolongo;45.886934;11.063942;1.0
1342;Noriglio Via Dei Cimbri;45.884634;11.069729;2.0
1343;Lizzana Cristo;45.8669;11.030821;2.0
1347;Lizzana Cristo;45.867194;11.030778;1.0
1348;Lizzana Scuole Medie;45.870122;11.031121;1.0
1349;Lizzana Scuole Medie;45.870153;11.031031;1.0
1350;Lizzanella Ss.12;45.875541;11.031728;2.0
1351;Lizzanella Ss.12;45.876134;11.032003;2.0
1357;Via Benacense Via Fiume;45.881902;11.038149;1.0
1358;Via Benacense Via Fiume;45.881987;11.038449;1.0
1359;Via Benacense Parco Ferrari;45.877968;11.033225;1.0
1360;Via Benacense Scuole Dante;45.879524;11.034866;1.0
1361;Via Benacense Scuole Dante;45.879687;11.035197;1.0
1362;Via Benacense Parco Ferrari;45.877967;11.033346;1.0
1363;Via Cavour Via Riva;45.88728;11.034509;1.0
1364;Via Cavour;45.887193;11.038491;0.0
1365;Via Cavour Via Riva;45.88726;11.034203;1.0
1366;Via Cavour;45.887107;11.038239;0.0
1367;Via Cesari Stazione Fs;45.89033;11.03564;2.0
1369;Via Dante Borgo S.Caterina;45.889667;11.040463;2.0
1370;Via Dante Mon. All'alpino;45.886799;11.040419;2.0
1371;Via Dante Mon. All'alpino;45.886264;11.040284;2.0
1372;Viale Dei Colli Sc. Alberghiera;45.891061;11.047352;2.0
1373;Viale Dei Colli Sc. Alberghiera;45.890999;11.047589;2.0
1374;Viale Dei Colli S.Biagio;45.890117;11.050075;2.0
1375;Viale Dei Colli S.Biagio;45.890249;11.050137;2.0
1376;Via Driopozzo Bivio Solatrix;45.899636;11.044399;2.0
1380;Via Giovannini;45.906976;11.043227;0.0
1381;Via Magazol Via Cimarosa;45.89984;11.039956;2.0
1383;"Via Manzoni ""Dolomiti En.""";45.893302;11.036155;2.0
1384;"Via Manzoni ""Dolomiti En.""";45.893257;11.036473;2.0
1385;Via Balista;45.894807;11.032744;0.0
1386;Via Balista;45.895135;11.032558;0.0
1388;Via Manzoni Via Paoli;45.892158;11.0394;1.0
1389;Via Paoli Piazza 25 Aprile;45.893125;11.040071;1.0
1391;Via Paoli;45.891405;11.040044;0.0
1392;Via Pasubio Via Unione;45.887436;11.024869;1.0
1393;Via Pasubio Viale Vittoria;45.887203;11.030676;1.0
1394;Via Pasubio Viale Vittoria;45.887291;11.030752;2.0
1395;Via Pasubio Via Unione;45.887527;11.024528;2.0
1397;Via A Prato;45.893472;11.03071;0.0
1398;Via Puccini Via Perosi;45.903744;11.04498;1.0
1399;Via Puccini Via Donizetti;45.90126;11.046191;2.0
1400;Via Pellico Brione;45.904405;11.042574;2.0
1401;Via Saibanti;45.888197;11.036753;0.0
1402;Via Saibanti;45.887981;11.036659;0.0
1404;Piazzale Orsi Ist. Veronesi;45.891409;11.03452;1.0
1405;Via Tiella;45.907639;11.043746;0.0
1408;Via Unione Scuole Degasperi;45.885193;11.023238;2.0
1409;Via Unione Scuole Degasperi;45.885611;11.023154;2.0
1410;"Via Zeni ""Meccatronica""";45.890456;11.032678;2.0
1411;"Via Zeni ""Meccatronica""";45.89097;11.03262;1.0
1412;Viale Trento Via Magazol;45.899565;11.042103;1.0
1413;Viale Trento Via Magazol;45.899753;11.04217;1.0
1414;Viale Trento Via Brione;45.901664;11.041509;1.0
1415;Viale Trento Via Brione;45.901469;11.041672;1.0
1416;Viale Trento Via Salvetti;45.906562;11.040032;2.0
1417;Viale Trento Via Salvetti;45.906461;11.040139;2.0
1418;Viale Vittoria Via Zotti;45.88536;11.025501;2.0
1419;Viale Vittoria Fucine;45.886322;11.028863;1.0
1420;Viale Vittoria Via Zotti;45.885258;11.025452;1.0
1421;Viale Vittoria Fucine;45.886323;11.029127;1.0
1422;"Ss.12 ""Rovercenter""";45.864467;11.029238;2.0
1424;Villa Lagarina Via Alpini;45.914525;11.034176;2.0
1425;Villa Lagarina Via Alpini;45.914791;11.033801;2.0
1426;Villa Lagarina Via Solari;45.917095;11.028849;1.0
1427;Villa Lagarina Via Solari;45.916967;11.028762;2.0
1429;Villa Lagarina V. Zandonai;45.912386;11.031423;2.0
1431;Via Craffonara;45.88661;11.034168;0.0
1433;Via Parteli;45.896415;11.037051;0.0
1434;Via Pasqui;45.899131;11.037382;0.0
1437;"Viale Caproni ""Sony""";45.865416;11.01079;2.0
1440;Viale Dell'industria;45.871673;11.020696;0.0
1442;"Viale Del Lavoro ""Aticarta""";45.866651;11.02347;2.0
1443;"Viale Del Lavoro ""Rovercenter""";45.863651;11.027037;2.0
1444;Via S.Maria;45.884706;11.04309;0.0
1446;Via Zotti Via Cevedale;45.885735;11.025638;1.0
1447;Via Zotti;45.886244;11.020845;0.0
1504;"Via Fornaci ""Texbond""";45.859884;11.005372;2.0
1685;Via Macello;45.894294;11.032821;0.0
2120;"Zambra ""Top Center""";46.091131;11.117806;1.0
2189;"Piazza Dante ""Dogana""";46.072531;11.119934;1.0
2213;Bivio Per Senter;45.881227;11.077484;0.0
2214;Bivio Per Senter;45.881368;11.077601;0.0
2215;Brancolino;45.902202;11.020328;2.0
2216;Brancolino;45.902262;11.020302;2.0
2217;Brancolino Sp.90;45.900676;11.02045;1.0
2218;Brancolino Sp.90;45.900782;11.020738;1.0
2219;Casa Del Falegname;45.885863;11.076374;0.0
2220;Casa Del Falegname;45.885592;11.076418;0.0
2221;Casa Nel Bosco;45.882463;11.076427;0.0
2222;Casa Nel Bosco;45.882368;11.076445;0.0
2223;Castellano Centro;45.923336;11.0078;2.0
2224;Cisterna;45.883095;11.086366;2.0
2225;Cisterna;45.88321;11.086375;2.0
2226;Cornale';45.881595;11.010857;2.0
2227;Cornale';45.8815;11.010617;2.0
2229;Folaso;45.887106;11.001157;2.0
2230;Folaso;45.887198;11.001276;2.0
2231;Isera Via Rosina;45.887495;11.010432;2.0
2232;Isera Via Rosina;45.887748;11.010732;2.0
2233;Isera Cimitero;45.888649;11.011896;2.0
2234;Isera Cimitero;45.888525;11.011727;2.0
2237;Lenzima;45.878365;10.992341;0.0
2238;Marano;45.89591;11.01556;2.0
2239;Marano;45.895781;11.015525;2.0
2240;Maso Mortal;45.882697;11.079603;2.0
2241;Maso Mortal;45.882929;11.079489;2.0
2242;Moietto;45.894924;11.085843;0.0
2244;Molina;45.85531;10.986379;2.0
2245;Mori Bar Centrale;45.851635;10.978754;2.0
2248;Mori Piazzale Kennedy;45.851649;10.979132;1.0
2249;Mori Via Don Sturzo;45.853242;10.970128;1.0
2253;Noarna;45.911054;11.012437;2.0
2254;Noarna;45.910819;11.012392;2.0
2255;Nogaredo Municipio;45.912024;11.022972;2.0
2256;Nogaredo Municipio;45.911972;11.02303;2.0
2257;Nogaredo Vignai;45.910757;11.019974;2.0
2259;Nogaredo Scuole Elementari;45.909122;11.022514;2.0
2260;Nogaredo Scuole Elementari;45.909039;11.022329;2.0
2261;Villa Lagarina Via Marconi;45.915541;11.027716;2.0
2262;Villa Lagarina Via Marconi;45.914882;11.027749;2.0
2265;Noriglio Cassa Rurale;45.883624;11.06918;2.0
2266;Noriglio Mon. Ai Caduti;45.88366;11.070394;2.0
2267;Patone;45.902576;11.000318;0.0
2268;Pedersano Capolinea;45.922601;11.020511;2.0
2271;Pedersano Centro;45.918031;11.019739;2.0
2272;Pedersano Centro;45.917944;11.019758;2.0
2273;Piazza Filzi Via Del Porto;45.884129;11.017931;1.0
2274;Ravazzone;45.85999;10.991196;2.0
2275;Mori Stazione Via Stazione;45.861992;11.000492;2.0
2276;Mori Stazione Via Stazione;45.861915;11.000478;2.0
2277;Reviano;45.891134;11.007297;2.0
2278;Reviano;45.891551;11.007123;2.0
2281;S.Ilario Iti;45.910898;11.041947;2.0
2282;S.Ilario Iti;45.909862;11.041587;2.0
2283;S.Ilario Via Stroperi;45.912522;11.043825;1.0
2284;S.Ilario Via Stroperi;45.912602;11.044046;1.0
2285;Sp.20 S.Sisinio;45.925111;11.021159;2.0
2286;Sp.20 Zisi;45.931011;11.022064;2.0
2287;Sp.20 Zisi;45.931519;11.022149;2.0
2288;Sp.20 S.Sisinio;45.925088;11.021076;2.0
2289;"Ss.240 ""Millennium Sud""";45.868636;11.014105;2.0
2291;"Ss.240 ""Millennium Sud""";45.868695;11.014031;2.0
2292;Ravazzone;45.858898;10.990652;2.0
2293;"Ss.240 ""Millennium Nord""";45.870196;11.016625;2.0
2294;"Ss.240 ""Millennium Nord""";45.870509;11.017269;2.0
2295;Saltaria;45.895289;11.067315;2.0
2296;Saltaria;45.895198;11.06739;2.0
2297;Sano;45.846311;10.95152;0.0
2298;Sasso;45.904083;11.013562;2.0
2299;Sasso;45.903968;11.013639;2.0
2300;Senter;45.877521;11.089343;0.0
2301;Tierno Via Cooperazione;45.84608;10.979238;1.0
2302;Tierno Via Battisti;45.84809;10.97817;2.0
2303;Tierno Via Terra Nera;45.848582;10.982899;1.0
2304;Toldi;45.897936;11.061771;0.0
2307;Via D.Chiesa;45.886218;11.019333;0.0
2309;Via Della Libertà;45.885111;11.017611;0.0
2310;Via Driopozzo Bivio Solatrix;45.898904;11.044437;2.0
2311;Via Fedrigotti Chiesa;45.884252;11.020443;2.0
2312;Noriglio Via Fontani;45.884407;11.06867;2.0
2318;Via Lagarina;45.910333;11.039896;0.0
2319;Via Magazol Viale Trento;45.89903;11.041963;1.0
2321;Via Lagarina;45.910851;11.03975;0.0
2322;Via Puccini Via Donizetti;45.901456;11.046258;1.0
2323;Via Puccini Via Perosi;45.904419;11.044624;1.0
2325;Noriglio Via Valteri;45.886164;11.065291;2.0
2329;Via Vicenza Via Asiago;45.885554;11.059487;2.0
2330;"Viale Caproni ""Chizzola""";45.868392;11.022253;2.0
2331;"Viale Del Lavoro ""Aticarta""";45.86612;11.024025;2.0
2332;Viale Dell'industria;45.871421;11.020859;0.0
2333;Villa Lagarina Via Magrè;45.917725;11.033251;1.0
2334;Villa Lagarina Via Magrè;45.917561;11.033477;1.0
2335;Villa Lagarina V.Segantini;45.916364;11.03423;2.0
2336;Villa Lagarina V.Segantini;45.916278;11.034103;1.0
2337;Volano Ss.12;45.917745;11.06344;2.0
2338;Volano Ss.12;45.917925;11.063894;2.0
2339;Volano Via Roma;45.917094;11.069844;1.0
2340;Volano Des Tor;45.917458;11.057496;2.0
2341;Volano Via Europa;45.91652;11.057146;2.0
2342;Zaffoni;45.89131;11.065349;2.0
2343;Zaffoni;45.891331;11.06585;2.0
2354;Via All'adige;45.888316;11.019061;0.0
2355;Pomarolo Via Rossaro;45.925699;11.047857;2.0
2356;Pomarolo Via Del Pionte;45.925151;11.048075;2.0
2359;Molini;45.91372;11.021093;2.0
2360;Lago di Cei Bellaria;45.957557;11.0323;2.0
2361;Lago di Cei;45.951116;11.02308;2.0
2362;Lago di Cei Albergo;45.948216;11.015907;2.0
2363;Sp.20 Maso Tiaf;45.936417;11.008581;2.0
2364;Sp.20 Bivio Per Bordala;45.930966;11.007169;2.0
2365;Castellano Centro;45.923288;11.007728;2.0
2367;Sp.20 Bivio Per Bordala;45.93097;11.007246;2.0
2368;Sp.20 Maso Tiaf;45.93586;11.008605;2.0
2369;Lago di Cei Capitello;45.947507;11.01499;2.0
2370;Lago di Cei;45.951215;11.023429;2.0
2372;Molini;45.91395;11.02124;2.0
2377;Sp 76 Bivio S.Lazzaro;46.129;11.115532;2.0
2380;"Trener ""3 Torri Pat""";46.095078;11.116914;2.0
2383;"Guardini ""Centochiavi""";46.092602;11.118549;1.0
2384;"Zambra ""Top Center""";46.091021;11.117999;2.0
2385;"Zambra ""Ist. D'arte Vittoria""";46.09251;11.116229;2.0
2386;"Meano ""Centro Civico""";46.12745;11.11658;1.0
2389;Centochiavi Lunelli;46.092571;11.120604;1.0
2391;Via Rovigo;45.880506;11.03807;0.0
2394;Piazza Guella;45.867289;11.03188;0.0
2395;Largo S.Floriano;45.866427;11.032708;0.0
2397;Via Cornacalda;45.866829;11.035088;0.0
2398;Via Della Cisterna;45.867868;11.034807;0.0
2404;Romagnano 7 Fontane;46.014251;11.104356;2.0
2405;Travai Piazza Fiera;46.064755;11.122318;1.0
2406;"Ghiaie ""Giardinerie""";46.052905;11.11704;1.0
2407;Ghiaie Monte Baldo;46.05639;11.116193;2.0
2408;Parcheggio Zuffo;46.074958;11.109709;0.0
2409;Cavalcavia S.Lorenzo;46.070362;11.119089;0.0
2410;Parcheggio Monte Baldo;46.057099;11.113649;0.0
2412;Piazzale A22;46.077321;11.111076;0.0
2418;"Ss 12 ""Pioppeto""";46.108607;11.108745;1.0
2419;Ss 12 S.Anna;46.112375;11.107453;1.0
2421;Via A Prato;45.893517;11.03078;0.0
2422;"Roncafort ""Asilo""";46.100975;11.101782;1.0
2423;Maso Rossi Aichner;46.105349;11.100544;1.0
2424;"S.Lorenzo ""Funivia""";46.070164;11.11674;2.0
2426;"S.Lorenzo ""Funivia""";46.070285;11.117276;1.0
2430;Sanseverino Monte Baldo;46.057726;11.112549;2.0
2435;"Brescia ""Ca Dei Gai""";46.07348;11.105332;2.0
2437;Ravina Della Croce;46.040932;11.110995;1.0
2438;Ss 12 Talvera;46.103414;11.110516;1.0
2446;"Ghiaie ""Zona Ind.Le Ftm""";46.119112;11.105325;2.0
2447;Ghiaie Salisburgo;46.123098;11.103287;2.0
2448;"Ghiaie ""Sc. Materna""";46.124688;11.099827;2.0
2449;Spini Praga;46.123637;11.097414;2.0
2453;Palazzine Maso S.Antonio;46.11507;11.101847;2.0
2454;Crosare Officina;46.110073;11.105462;2.0
2455;Crosare Parcheggio;46.107957;11.10538;2.0
2457;Gardolo Castel di Gardolo;46.113949;11.110526;2.0
2458;Gardolo Castel di Gardolo;46.113874;11.11117;2.0
2470;Jedin Sanseverino;46.051205;11.114779;2.0
2472;"Lamar ""Via Rossa""";46.121478;11.106445;2.0
2474;Via Vallunga Bivio M. Pipel;45.895183;11.0521;2.0
2475;Maso Valduga;45.899728;11.054359;2.0
2476;Bosco Della Citta';45.901507;11.055439;0.0
2477;Maso Valduga;45.899654;11.054251;2.0
2478;Via Vallunga Bivio M. Pipel;45.895148;11.051957;2.0
2481;Viale Dei Colli Via Vallunga;45.891102;11.049809;2.0
2482;Viale Dei Colli Via Vallunga;45.891319;11.049805;2.0
2483;"Sopramonte ""Campra""";46.078588;11.058123;1.0
2484;"Sopramonte ""Campra""";46.078747;11.058186;1.0
2485;"Brescia ""Ca Dei Gai""";46.073335;11.105624;2.0
2488;"Pranzelores ""Top Center""";46.089831;11.118603;1.0
2489;"Pranzelores ""Tridente""";46.086577;11.12013;1.0
2490;Povo Pantè;46.063986;11.150894;2.0
2491;Roncafort Caproni;46.100072;11.099813;1.0
2492;Roncafort Bettine;46.097604;11.102184;1.0
2494;Corso Verona Via Cainelli;45.877258;11.035978;2.0
2497;Ponte di Ravina;46.045472;11.113381;0.0
2498;Ponte di Ravina;46.04553;11.113645;0.0
2499;"Villazzano ""Chiesa""";46.049327;11.14384;1.0
2500;"Ss 45 ""Scala""";46.077263;11.099858;2.0
2501;"Sopramonte ""M.Petoci""";46.066982;11.059531;2.0
2502;Vigo Meano Don Perugini;46.132978;11.133928;2.0
2504;Mori Via Del Garda;45.851501;10.972743;2.0
2505;"Cognola ""Chiesa""";46.076338;11.141634;1.0
2506;Muralta Valsugana;46.076532;11.130338;2.0
2508;Toldi;45.897853;11.061812;0.0
2509;Costa;45.884566;11.072775;0.0
2510;Sp.2 Bivio Per Cisterna;45.881195;11.075461;2.0
2511;Isera P.Zza S.Vincenzo-O.;45.885392;11.00909;2.0
2514;Ss.240 Ponte Sull'adige;45.86312;10.997363;2.0
2515;Ss.240 Ponte Sull'adige;45.863104;10.997583;2.0
2520;Verdi Inama;46.066534;11.117868;1.0
2521;Gazzadina Le Case Nòve;46.134055;11.128326;1.0
2522;Gazzadina Del Porfido;46.130527;11.126294;1.0
2524;Cimirlo;46.067728;11.18477;0.0
2525;Eremo;46.068285;11.17864;0.0
2526;Celva;46.071795;11.176795;0.0
2527;Via Eremo;46.06784;11.175508;0.0
2528;Maso di Brenz;46.065735;11.172325;0.0
2529;Borino Civ.69;46.066021;11.168748;2.0
2530;Borino;46.067029;11.165565;2.0
2532;Borino Civ.69;46.066016;11.168863;2.0
2533;Maso di Brenz;46.065461;11.172052;0.0
2534;Via Eremo;46.067848;11.175603;0.0
2535;Eremo;46.068223;11.1787;0.0
2537;"Verona ""Big Center""";46.045701;11.130926;1.0
2538;"Verona ""Big Center""";46.045723;11.131083;1.0
2540;"Viale Caproni ""Luxottica""";45.864872;11.017777;2.0
2542;Via di Vittorio;45.863063;11.02088;0.0
2543;Villa Lagarina V. Zandonai;45.912409;11.031708;2.0
2549;"Povo ""Polo Sociale"" Cap.";46.065718;11.15801;1.0
2660;Patone Gera;45.897931;11.002032;2.0
2662;Patone Gera;45.898129;11.002109;2.0
2663;Gardolo 4 Nov. 2 Giugno;46.101135;11.112927;1.0
2664;Spini Loghét;46.120397;11.091212;1.0
2665;Spini Loghét;46.120478;11.091282;1.0
2668;"Fersina ""Zona Artigianale""";46.038346;11.124537;1.0
2669;"Fersina ""Zona Sportiva""";46.041621;11.123737;2.0
2670;Piazza Cappuccini;46.073035;11.1284;0.0
2671;Avancini Laste;46.071437;11.130726;2.0
2672;Rsa Angeli Custodi;46.069698;11.130962;0.0
2673;Giardini Collina;46.068199;11.129707;2.0
2676;Via Cittadella Via Mozart;45.901296;11.040141;1.0
2680;Gazzoletti Piazza Dante;46.071849;11.122012;1.0
2682;Povo Sommarive;46.065493;11.150401;2.0
2683;"Povo ""Polo Scientifico"" Est";46.067131;11.15051;2.0
2686;Isera P.Zza S.Vincenzo-E.;45.885395;11.009226;2.0
2688;"Villazzano ""Stazione Fs""";46.044677;11.139674;1.0
2689;"Villazzano ""Stazione Fs""";46.044632;11.139478;1.0
2699;"Ss.12 ""Rovercenter""";45.864129;11.029039;2.0
2701;Ss 349 Pozzata;46.041497;11.142601;2.0
2702;Parcheggio Ghiaie;46.038643;11.124383;0.0
2706;Via Pedroni;45.892054;11.032947;0.0
2707;"Via Unione ""Residenza Eos""";45.893575;11.027471;2.0
2710;Via Unione Scuole Filzi;45.888851;11.024409;1.0
2713;Dos Trento Mariano;46.073642;11.114545;2.0
2746;Lenzima Via Della Vittoria;45.877341;10.991795;2.0
2747;Lenzima Via Della Vittoria;45.877393;10.991516;2.0
2755;Via Baratieri;45.894959;11.040345;0.0
2757;Noriglio Mon. Ai Caduti;45.883883;11.07027;2.0
2758;Viale Vittoria Scuole Degasperi;45.884953;11.023994;1.0
2759;Via Delle Laste;46.072479;11.129844;0.0
2760;Savignano;45.938052;11.055978;0.0
2763;Gard.D.Mezzo Dos D.La Luna;46.11529;11.117253;2.0
2764;Gard.D.Mezzo Maso Garbini;46.114547;11.116633;2.0
2767;"Vigo Meano ""S.Pietro""";46.128254;11.134672;1.0
2768;Via Unione Scuole Filzi;45.8885;11.024266;2.0
2770;Via Comel;45.903978;11.042051;0.0
2775;Via Zigherane;45.879419;11.023347;0.0
2776;Via Zigherane;45.879872;11.022909;2.0
2777;Baldresca;45.880234;11.028386;0.0
2780;Ss 45 S.Giorgio;46.078559;11.099223;2.0
2782;"Spini ""Pal. Giano""";46.12167;11.095136;1.0
2783;"Spini ""Pal. Giano""";46.121606;11.095087;1.0
2784;Spini Varsavia;46.125528;11.098368;2.0
2785;Spini Varsavia;46.125825;11.098119;2.0
2786;Spini Masadori;46.119932;11.096486;1.0
2787;Spini Masadori;46.120106;11.096254;1.0
2788;Spini Bregenz;46.117063;11.092401;2.0
2789;Spini Bregenz;46.117025;11.092475;2.0
2790;"Spini ""Casa Circondariale""";46.127053;11.096713;1.0
2791;"Interporto ""Interbrennero""";46.111248;11.090882;1.0
2792;"Interporto ""Interbrennero""";46.111195;11.090792;1.0
2793;"Innsbruck ""Trentino Trasporti""";46.101861;11.094798;1.0
2794;"Innsbruck ""Trentino Trasporti""";46.102289;11.094582;1.0
2795;"Interporto ""Logistica 2""";46.106315;11.092329;1.0
2796;"Interporto ""Logistica 2""";46.106112;11.092271;1.0
2797;"Interporto ""Fercam""";46.108338;11.091621;1.0
2798;"Interporto ""Fercam""";46.108429;11.0917;1.0
2799;Spini Praga;46.123565;11.097434;2.0
2800;Pedersano;45.922485;11.020169;0.0
2801;"Vela ""Scuole S.Vigilio""";46.081347;11.102631;1.0
2802;"Villa Lagar. ""Bocciodromo""";45.920494;11.031916;2.0
2803;"Villa Lagar. ""Bocciodromo""";45.920164;11.031839;1.0
2804;"Villa Lagarina ""Al Ponte""";45.913403;11.036873;2.0
2805;"Villa Lagarina ""Al Ponte""";45.913209;11.037197;2.0
2806;"Ss.240 ""Alla Staffa""";45.872747;11.024718;2.0
2812;Castellano Don Zanolli;45.926204;11.00607;2.0
2814;Mattarello Gotarda;46.009948;11.128593;2.0
2815;Mattarello Fratte;46.005384;11.126518;2.0
2816;Via Zandonai;45.886686;11.020064;0.0
2817;Roncafort Nord;46.10353;11.100099;1.0
2820;Povo Pantè;46.06394;11.150611;2.0
2822;Mori Via Filzi;45.854297;10.972201;2.0
2824;Mori Via Terra Nera;45.850042;10.98095;2.0
2825;Via All'adige;45.888292;11.018708;0.0
2826;Mori Via Del Garda;45.85186;10.972114;2.0
2827;Via Monte Pipel;45.895169;11.05715;0.0
2828;"Interporto ""Sait""";46.113255;11.090192;1.0
2829;"Interporto ""Sait""";46.113317;11.090281;1.0
2831;Via Balista Ist. Veronesi;45.896006;11.030938;2.0
2832;Viale Vittoria Scuole Degasperi;45.88489;11.024081;1.0
2833;"Povo ""Polo Scientifico"" Ovest";46.067072;11.150437;1.0
2835;Calliano Via Marcolini;45.931762;11.092358;2.0
2836;Calliano Via Marcolini;45.931768;11.092675;2.0
2837;Volano Via Delle Ancone;45.917852;11.076416;2.0
2838;Ss.12 Fornaci;45.919361;11.085082;2.0
2839;Volano Via Roma;45.917223;11.069948;1.0
2840;Nomi Cantina Sociale;45.928305;11.074605;2.0
2841;Nogaredo Via Verdi;45.911561;11.024449;2.0
2843;Sp.20 Bivio Noarna;45.915888;11.016724;2.0
2844;Sp.20 Bivio Noarna;45.915912;11.016946;2.0
2845;Via 13 Settembre;45.908319;11.04167;0.0
2848;Campana Dei Caduti;45.874479;11.0409;0.0
2849;Marco Parco Ex De Bellat;45.843739;11.007041;2.0
2850;Marco Parco Ex De Bellat;45.84362;11.007289;2.0
2851;Marco Via S.Romedio;45.845993;11.004454;2.0
2852;Marco Via S.Romedio;45.847454;11.003501;2.0
2853;Mori Stazione;45.860779;11.001749;2.0
2854;Mori Stazione;45.860866;11.001649;2.0
2855;Via Salvetti;45.905917;11.042877;0.0
2856;Ss.12 Castel Pietra;45.921743;11.091347;2.0
2857;Ss.12 Castel Pietra;45.923644;11.092531;2.0
2858;Ss.12 Campagnole;45.928774;11.092995;2.0
2859;Ss.12 Campagnole;45.9289;11.093196;2.0
2861;Porte di Trambileno;45.883428;11.051695;2.0
2862;Porte di Trambileno;45.883552;11.051972;2.0
2863;Viale Schio;45.883663;11.043848;0.0
2864;Viale Schio;45.883793;11.043948;0.0
2865;Viale Zugna 13;45.884202;11.046711;0.0
2866;Viale Zugna 13;45.884292;11.046929;0.0
2867;Viale Zugna 48;45.884115;11.049105;0.0
2868;Viale Zugna 48;45.884311;11.049407;0.0
2869;Via Magazol Viale Trento;45.899211;11.041958;1.0
2870;"Ss.240 ""Alla Staffa""";45.872806;11.024445;2.0
2872;Rsa S.Bartolomeo;46.048622;11.134081;0.0
2873;Casette;45.880731;11.017788;0.0
2874;"Via Fornaci ""Texbond""";45.859154;11.00506;2.0
2875;"Via Fornaci ""Dana""";45.85458;11.004318;2.0
2876;"Via Fornaci ""Dana""";45.854392;11.004105;2.0
2877;"Ss.240 ""Meb""";45.867798;11.011685;2.0
2878;Ossario Castel Dante;45.871812;11.035579;0.0
2884;Via Bellini;45.899196;11.044612;0.0
2886;Via Vicenza Via Asiago;45.885264;11.060081;2.0
2887;Genovesa;45.882824;11.062596;2.0
2888;Genovesa;45.882447;11.062558;2.0
2889;Noriglio Via Jacob;45.88383;11.067469;2.0
2890;Noriglio Via Jacob;45.883735;11.067717;2.0
2891;Noriglio Parco Alle Pozze;45.88432;11.065751;2.0
2892;Nogaredo Vignai;45.910248;11.019374;2.0
2895;Cisterna Capolinea;45.883067;11.087295;2.0
2896;Noriglio Scuole Elementari;45.881841;11.068764;2.0
2897;"Sp.23 ""Nero Cubo""";45.855485;11.002055;2.0
2898;Viale Schio S.Maria;45.884669;11.043457;2.0
2899;"Via Unione ""Residenza Eos""";45.893596;11.027583;2.0
2900;Monte Ghello;45.887321;11.066213;2.0
2901;Monte Ghello;45.886975;11.066337;2.0
2902;"Viale Caproni ""Chizzola""";45.868327;11.021973;2.0
2904;"Villa Lagarina ""Poste""";45.91436;11.033091;2.0
2905;Castellano Don Zanolli;45.926214;11.005916;2.0
2906;Calliano Ss.12;45.934319;11.096026;2.0
2907;Calliano Ss.12;45.934261;11.095767;2.0
2908;Calliano Cimitero;45.936919;11.098758;2.0
2909;Besenello;45.94178;11.109958;2.0
2910;Besenello Nord;45.945755;11.106117;2.0
2911;Besenello Sud;45.937458;11.11091;2.0
2914;Noriglio Parco Alle Pozze;45.884269;11.065384;2.0
2915;Via Dell'artigiano;45.864346;11.017916;0.0
2918;Gabbiolo Capolinea;46.055543;11.149154;2.0
2919;Volano Via Spiazze;45.91568;11.051294;2.0
2922;Viale Dei Colli Bertolda;45.888472;11.051778;2.0
2923;Cadine Della Fornas;46.087128;11.068883;2.0
2924;Cadine Della Fornas;46.086991;11.069357;2.0
2925;Spini Palazzine;46.116615;11.100013;2.0
2926;Borgo S.Caterina;45.889827;11.039426;0.0
2927;"Venezia ""Port'aquila""";46.069509;11.127874;1.0
2928;Porte Chiesa;45.883426;11.053292;2.0
2929;Porte Via Al Brentegam;45.880779;11.052624;2.0
2930;Porte Via Miravalle;45.87997;11.047061;2.0
2931;Dosso;45.881347;11.054833;2.0
2932;Porte Chiesa;45.883247;11.053675;2.0
2933;Porte Via Al Brentegam;45.880888;11.052701;2.0
2934;Porte Via Miravalle;45.879896;11.046851;2.0
2935;Dosso;45.881423;11.054627;2.0
2936;Sp.89 Maso Brentegam;45.880398;11.050848;2.0
2937;Via Fornaci Via Pineta;45.864929;11.006105;2.0
2938;Via Fornaci Via Pineta;45.864743;11.005587;2.0
2939;Funivia-Staz. di Valle-Trento;46.069594;11.115698;2.0
2940;Funivia-Staz. di Monte-Sardagna;46.065986;11.102699;2.0
2945;Mattarello Rozola;46.012721;11.13216;2.0
2946;Mattarello Rozola;46.01274;11.132017;2.0
2947;Mattarello Regole;46.010984;11.13167;2.0
2948;Mattarello Regole;46.011238;11.131717;2.0
2949;"Mattarello ""Parco""";46.008686;11.131522;2.0
2950;"Mattarello ""Parco""";46.007896;11.131472;1.0
2951;"Mattarello ""Torre Franca""";46.006528;11.131035;2.0
2952;"Mattarello ""Torre Franca""";46.005877;11.129908;2.0
2953;Mattarello Ex Stazione;46.007801;11.126954;2.0
2954;Mattarello Sud;46.002725;11.12631;1.0
2957;Piazza Centa;46.076198;11.123674;0.0
2960;Cadine Voltei;46.086415;11.068176;2.0
2961;Centa Brennero;46.075624;11.123987;1.0
2962;Via Brigata Mantova;45.868249;11.036135;0.0
2963;Via Brigata Mantova;45.868273;11.036219;0.0
2964;Via Cipressi;45.870152;11.032799;0.0
2965;Stadio Quercia;45.901153;11.036354;0.0
2966;Via Tonetti;45.90278;11.037626;0.0
2968;Pomarolo S.Antonio;45.93395;11.047924;2.0
2969;Pomarolo S.Antonio;45.933737;11.047952;2.0
2970;Vigo Meano Don Perugini;46.133146;11.133777;2.0
2971;"Melta ""Case Itea""";46.10231;11.118229;1.0
2973;Piazzale Divisioni Alpine;46.071095;11.109908;1.0
2979;Via Magazol Via Cimarosa;45.899853;11.039703;2.0
2981;Isera Scuole Elementari;45.882633;11.00833;2.0
2982;"Viale Del Lavoro ""Rovercenter""";45.863793;11.026965;2.0
2983;Via Pasqui;45.899327;11.037319;0.0
2984;Via Parteli;45.895739;11.038201;0.0
2986;Via Circonvallazione;45.883352;11.038638;0.0
2987;Stadio Quercia;45.90094;11.036197;0.0
2988;Marco Nord;45.849555;11.012767;2.0
2989;Marco Nord;45.849354;11.01256;2.0
2990;Parcheggio Via Lidorno;46.033521;11.125927;0.0
2991;Parcheggio Area Camper;46.03426;11.127221;0.0
2992;Via Del Garda Via Porte Rosse;45.872791;11.028362;2.0
2993;Via Del Garda Via Porte Rosse;45.872854;11.0282;2.0
2994;Clinica Solatrix;45.897743;11.04542;0.0
2996;Via Unione Via Zotti;45.886411;11.023182;2.0
2998;Via Campagnole;45.889321;11.037107;0.0
2999;Piazza Filzi Via Del Porto;45.884014;11.018082;2.0
3000;Isera Asilo;45.884211;11.008257;2.0
3001;Via Perosi;45.904188;11.044079;0.0
3002;Villa Lagarina Sc.Medie;45.91794;11.03165;2.0
3003;Strada Degli Artiglieri;45.869867;11.036383;0.0
3004;Castellano Don Zan. Park;45.926251;11.00718;2.0
3005;Stazione Fs;45.89171;11.034206;0.0
3006;Via Benacense Scuole Ex Edili;45.880003;11.035388;2.0
3007;Isera Asilo;45.884644;11.00779;2.0
3008;Via Setaioli;45.887242;11.041458;0.0
3009;Volano Casa di Riposo;45.920404;11.067034;2.0
3010;Nogaredo Via S.Biagio;45.911889;11.025795;2.0
3011;Viale Dei Colli Campolongo;45.887912;11.057153;2.0
3012;Viale Dei Colli Campolongo;45.887952;11.057521;2.0
3014;Lavis Via Nazionale;46.138664;11.108985;0.0
3016;Lavis Piazza Grazioli;46.139472;11.111335;0.0
3017;Lavis Via Dei Colli;46.14184;11.11238;0.0
3018;Lavis Via Cembra;46.144048;11.112649;0.0
3019;Lavis Bivio Fratte;46.146836;11.111036;0.0
3020;Lavis Bivio Fratte;46.146734;11.111007;0.0
3021;Lavis Strada Fonda;46.145627;11.105818;0.0
3022;Lavis Strada Fonda;46.145301;11.106307;0.0
3023;Lavis Via Rosmini;46.142197;11.108504;0.0
3024;"Lavis ""Municipio""";46.139305;11.112131;0.0
3027;"Lavis ""Stazione Fs""";46.147934;11.097347;0.0
3028;Lavis Via Filos;46.145584;11.09729;0.0
3029;Lavis Via Filos;46.145665;11.097523;0.0
3030;Lavis Via di Vittorio 78/84;46.136413;11.086541;0.0
3031;Lavis Via di Vittorio 64;46.133537;11.087634;0.0
3032;Lavis Via di Vittorio 26;46.134301;11.093436;0.0
3033;Lavis Via Fermi;46.136341;11.093358;0.0
3034;Lavis Via di Vittorio 6;46.134621;11.097322;0.0
3035;Lavis Via Zandonai;46.138874;11.101196;0.0
3036;Pressano Piazza;46.153557;11.106927;0.0
3037;"Pressano ""Oratorio""";46.152127;11.106138;0.0
3038;Pressano Via Cl. Augusta;46.157309;11.107777;0.0
3039;Pressano Via Cl. Augusta;46.157338;11.107839;0.0
3040;Pressano Via Sant'antonio;46.154093;11.109902;0.0
3041;Pressano Via Pilati;46.15003;11.104334;0.0
3043;Nave S.Felice Maso Rover;46.161439;11.109306;0.0
3044;Nave S.Felice Maso Rover;46.161333;11.109326;0.0
3045;Nave S.Felice Zona Stuadri;46.170412;11.118105;0.0
3046;Nave S.Felice Case Tenaia;46.162483;11.110392;0.0
3047;Sorni;46.172283;11.125893;0.0
3048;Sorni Bivio;46.174864;11.122294;0.0
3049;Sorni Bivio;46.174341;11.122074;0.0
3050;Sorni Bivio Via Toresela;46.174616;11.123075;0.0
3051;Sorni Via Dalmaso;46.174676;11.124554;0.0
3052;Sorni Via Dalmaso;46.174737;11.124493;0.0
3053;Sorni Bivio Maso Zatelli;46.175439;11.125608;0.0
3054;Sorni Bivio Maso Zatelli;46.175315;11.125547;0.0
3055;Sorni Ss.12;46.174042;11.12067;0.0
3056;Maso Zatelli;46.176495;11.125399;0.0
3057;Maso Zatelli;46.176515;11.125336;0.0
3058;Maso Del Narciso;46.177635;11.12747;0.0
3059;Maso Del Narciso;46.177651;11.127542;0.0
3060;Maso Rosabel;46.175362;11.131343;0.0
3061;Maso Rosabel;46.1754;11.131366;0.0
3062;Sp.131 Bivio Laste;46.172498;11.128994;0.0
3063;Maso Panizza di Sopra;46.168742;11.125581;0.0
3064;Maso Panizza di Sopra;46.168616;11.125299;0.0
3065;Maso Zancanar;46.165226;11.121665;0.0
3066;Maso Zancanar;46.164958;11.121624;0.0
3067;Maso Poli;46.16302;11.118873;0.0
3068;Maso Poli;46.163013;11.119002;0.0
3069;Maso Luchin;46.160608;11.116311;0.0
3070;Maso Luchin;46.160585;11.116362;0.0
3071;Maso Tratta;46.159249;11.115103;0.0
3072;Maso Spon;46.159065;11.119271;0.0
3073;Maso Clinga Via Clinga;46.153691;11.110336;0.0
3074;Maso Clinga;46.152243;11.11173;0.0
3077;Maso Clinga Via Furli;46.15055;11.108069;0.0
3078;Lavis Maso Furli;46.148786;11.109659;0.0
3079;Lavis Maso Furli;46.148825;11.109738;0.0
3080;Nave S.Felice;46.164561;11.112234;0.0
3081;Maso Tratta;46.158507;11.114959;0.0
3082;Nave S.Felice;46.164589;11.112097;0.0
3083;Pressano Piazza;46.153631;11.107061;0.0
3084;Nave S.Felice Stazione Ftm;46.166718;11.113208;0.0
3085;Nave S.Felice Case Tenaia;46.162105;11.110088;0.0
3086;Sp.131 Bivio Laste;46.1731;11.129881;0.0
3087;Sorni Bivio Via Toresela;46.174356;11.122754;0.0
3088;Pedersano S.Rocco;45.919576;11.019213;2.0
3089;Pedersano S.Rocco;45.919588;11.019124;2.0
3091;"Lavis Cantina ""La-Vis""";46.137002;11.109623;1.0
3092;"Cervara ""Scalinata""";46.072081;11.128289;2.0
3094;Lavis Cimitero;46.141564;11.105781;0.0
3095;Asiago S. Bartolameo;46.047682;11.137738;1.0
3096;Vela Centro;46.082085;11.102043;2.0
3097;"Fersina ""Campi Da Tennis""";46.044632;11.12169;2.0
3098;Molina Via Roma;45.856799;10.988958;2.0
3099;Molina Ss.240;45.853729;10.981578;2.0
3100;"Lavoro E Scienza ""Buc""";46.058772;11.115079;1.0
3104;"Sanseverino ""Funivia""";46.067711;11.115188;2.0
3105;"Montegrappa ""Funivia""";46.069134;11.115398;2.0
3106;"Papiria ""Italcementi""";46.069586;11.112191;2.0
3107;Mori Via Benedetti;45.852902;10.973215;1.0
3108;"Mori ""Cimitero""";45.850804;10.976969;2.0
3109;"Albere ""Muse""";46.06269;11.113605;1.0
3110;San Lazzaro Ponte Avisio;46.136804;11.116591;1.0
3111;Lamar Sponda Trentina;46.134686;11.111923;1.0
3112;Lavis Piazza Caduti;46.138012;11.114866;2.0
3113;"Lavis ""Municipio""";46.139535;11.11194;2.0
3114;Lavis Rosmini Segantini;46.142856;11.107967;2.0
3115;Lavis Cembra;46.143221;11.106588;1.0
3116;Lavis Cembra;46.142828;11.10509;1.0
3117;"Lavis ""Cimitero""";46.141545;11.105815;1.0
3118;Lavis Stazione Ftm;46.140178;11.106532;2.0
3126;"Villa Lagarina ""Poste""";45.914132;11.032987;2.0
